{"loss": [0.04542936384677887, 0.004815016873180866, 0.002658173441886902, 0.001983512891456485, 0.0015716920606791973, 0.00126525922678411, 0.0011988371843472123, 0.0009991835104301572, 0.0007665182347409427], "val_loss": [0.0025016486179083586, 0.0011958314571529627, 0.000784867035690695, 0.0003654029860626906, 0.0006699821096844971, 0.0008053108467720449, 0.000811589474324137, 0.000508172030095011, 0.001218505552969873], "timestamp": "2026-05-07 16:48:21"}