{"accuracy": 0.7231630309988519, "timestamp": "2026-05-07 16:30:18", "features": ["close", "rsi", "body_size", "upper_wick", "lower_wick", "volatility", "returns_1h", "dist_from_jaw", "hour_sin", "hour_cos"], "feature_importances": {"close": 0.16950076222241267, "rsi": 0.09486606573444709, "body_size": 0.08297179707468207, "upper_wick": 0.07129377077026557, "lower_wick": 0.07194732720212611, "volatility": 0.1680363213711924, "returns_1h": 0.09776675576290453, "dist_from_jaw": 0.1184293381010683, "hour_sin": 0.07730129144992445, "hour_cos": 0.04788657031097681}}